1;1;451;ACTIVO;0;1;2021-12-31 11:22:07
2;2;547;ACTIVO;0;1;2021-12-31 11:22:07
3;3;546;ACTIVO;0;1;2021-12-31 11:22:07
4;4;452;ACTIVO;0;1;2021-12-31 11:22:07
5;5;545;ACTIVO;0;1;2021-12-31 11:22:07
6;6;544;ACTIVO;0;1;2021-12-31 11:22:07
7;7;566;ACTIVO;0;1;2021-12-31 11:22:07
8;8;453;ACTIVO;0;1;2021-12-31 11:22:07
9;9;614;ACTIVO;0;1;2021-12-31 11:22:07
10;10;454;ACTIVO;0;1;2021-12-31 11:22:07
11;11;559;ACTIVO;0;1;2021-12-31 11:22:07
12;12;615;ACTIVO;0;1;2021-12-31 11:22:07
13;13;707;ACTIVO;0;1;2021-12-31 11:22:07
14;14;560;ACTIVO;0;1;2021-12-31 11:22:07
15;15;709;ACTIVO;0;1;2021-12-31 11:22:07
16;16;582;ACTIVO;0;1;2021-12-31 11:22:07
17;17;561;ACTIVO;0;1;2021-12-31 11:22:07
18;18;706;ACTIVO;0;1;2021-12-31 11:22:07
19;19;562;ACTIVO;0;1;2021-12-31 11:22:07
20;20;773;ACTIVO;0;1;2021-12-31 11:22:07
21;21;889;ACTIVO;0;1;2021-12-31 11:22:07
22;22;914;ACTIVO;0;1;2021-12-31 11:22:07
23;23;890;INACTIVO;0;1;2021-12-31 11:22:07
24;24;890;ACTIVO;0;1;2021-12-31 11:22:07
25;25;1058;ACTIVO;0;1;2021-12-31 11:22:07
26;26;1016;ACTIVO;0;1;2021-12-31 11:22:07
27;27;1149;ACTIVO;0;1;2021-12-31 11:22:07
28;28;1156;ACTIVO;0;1;2021-12-31 11:22:07
29;29;1150;ACTIVO;0;1;2021-12-31 11:22:07
30;30;1019;ACTIVO;0;1;2021-12-31 11:22:07
31;31;1020;ACTIVO;0;1;2021-12-31 11:22:07
32;32;1237;ACTIVO;0;1;2021-12-31 11:22:07
33;33;1151;ACTIVO;0;1;2021-12-31 11:22:07
34;34;1041;ACTIVO;0;1;2021-12-31 11:22:07
35;35;1223;ACTIVO;0;1;2021-12-31 11:22:07
36;36;1018;ACTIVO;0;1;2021-12-31 11:22:07
37;37;1318;ACTIVO;0;1;2021-12-31 11:22:07
38;38;1152;ACTIVO;0;1;2021-12-31 11:22:07
39;39;1245;ACTIVO;0;1;2021-12-31 11:22:07
40;40;1353;ACTIVO;0;1;2021-12-31 11:22:07
41;41;1222;ACTIVO;0;1;2021-12-31 11:22:07
42;42;1309;ACTIVO;0;1;2021-12-31 11:22:07
43;43;1246;ACTIVO;0;1;2021-12-31 11:22:07
44;44;1153;ACTIVO;0;1;2021-12-31 11:22:07
45;45;1381;ACTIVO;0;1;2021-12-31 11:22:07
46;46;1042;ACTIVO;0;1;2021-12-31 11:22:07
47;47;1248;ACTIVO;0;1;2021-12-31 11:22:07
48;48;1154;ACTIVO;0;1;2021-12-31 11:22:07
49;49;1247;ACTIVO;0;1;2021-12-31 11:22:07
50;50;1434;ACTIVO;0;1;2021-12-31 11:22:07
51;51;1239;ACTIVO;0;1;2021-12-31 11:22:07
52;52;1240;ACTIVO;0;1;2021-12-31 11:22:07
53;53;1461;ACTIVO;0;1;2021-12-31 11:22:07
54;54;1435;ACTIVO;0;1;2021-12-31 11:22:07
55;55;1465;ACTIVO;0;1;2021-12-31 11:22:07
56;56;1462;ACTIVO;0;1;2021-12-31 11:22:07
57;57;1571;ACTIVO;0;1;2021-12-31 11:22:07
58;58;1458;ACTIVO;0;1;2021-12-31 11:22:07
59;59;1611;INACTIVO;0;1;2021-12-31 11:22:07
60;60;1654;ACTIVO;0;1;2021-12-31 11:22:07
61;61;1657;ACTIVO;0;1;2021-12-31 11:22:07
62;62;1710;ACTIVO;0;1;2021-12-31 11:22:07
63;63;1572;ACTIVO;0;1;2021-12-31 11:22:07
64;64;1241;ACTIVO;0;1;2021-12-31 11:22:07
65;65;1463;ACTIVO;0;1;2021-12-31 11:22:07
66;66;1464;ACTIVO;0;1;2021-12-31 11:22:07
67;67;1615;ACTIVO;0;1;2021-12-31 11:22:07
68;68;1613;ACTIVO;0;1;2021-12-31 11:22:07
69;69;1616;ACTIVO;0;1;2021-12-31 11:22:07
70;70;1696;ACTIVO;0;1;2021-12-31 11:22:07
71;71;1614;ACTIVO;0;1;2021-12-31 11:22:07
72;72;1573;ACTIVO;0;1;2021-12-31 11:22:07
73;73;1242;ACTIVO;0;1;2021-12-31 11:22:07
74;74;1650;ACTIVO;0;1;2021-12-31 11:22:07
75;75;1459;ACTIVO;0;1;2021-12-31 11:22:07
76;76;1651;ACTIVO;0;1;2021-12-31 11:22:07
77;77;1644;ACTIVO;0;1;2021-12-31 11:22:07
78;78;1843;ACTIVO;0;1;2021-12-31 11:22:07
79;79;1880;ACTIVO;0;1;2021-12-31 11:22:07
80;80;1460;ACTIVO;0;1;2021-12-31 11:22:07
81;81;1868;ACTIVO;0;1;2021-12-31 11:22:07
82;82;1243;ACTIVO;0;1;2021-12-31 11:22:07
83;83;1878;ACTIVO;0;1;2021-12-31 11:22:07
84;84;1645;ACTIVO;0;1;2021-12-31 11:22:07
85;85;1935;ACTIVO;0;1;2021-12-31 11:22:07
86;86;1844;ACTIVO;0;1;2021-12-31 11:22:07
87;87;1879;ACTIVO;0;1;2021-12-31 11:22:07
88;88;1881;ACTIVO;0;1;2021-12-31 11:22:07
89;89;1244;ACTIVO;0;1;2021-12-31 11:22:07
90;90;1646;ACTIVO;0;1;2021-12-31 11:22:07
91;91;1940;ACTIVO;0;1;2021-12-31 11:22:07
92;92;1379;ACTIVO;0;1;2021-12-31 11:22:07
93;93;1976;ACTIVO;0;1;2021-12-31 11:22:07
94;94;1979;ACTIVO;0;1;2021-12-31 11:22:07
95;95;2041;ACTIVO;0;1;2021-12-31 11:22:07
96;96;1936;ACTIVO;0;1;2021-12-31 11:22:07
97;97;1639;ACTIVO;0;1;2021-12-31 11:22:07
98;98;1649;ACTIVO;0;1;2021-12-31 11:22:07
99;99;1941;ACTIVO;0;1;2021-12-31 11:22:07
100;100;2072;ACTIVO;0;1;2021-12-31 11:22:07
101;101;1640;ACTIVO;0;1;2021-12-31 11:22:07
102;102;2042;ACTIVO;0;1;2021-12-31 11:22:07
103;103;1977;ACTIVO;0;1;2021-12-31 11:22:07
104;104;1981;ACTIVO;0;1;2021-12-31 11:22:07
105;105;1380;ACTIVO;0;1;2021-12-31 11:22:07
106;106;2161;ACTIVO;0;1;2021-12-31 11:22:07
107;107;1978;ACTIVO;0;1;2021-12-31 11:22:07
108;108;1828;ACTIVO;0;1;2021-12-31 11:22:07
109;109;1641;ACTIVO;0;1;2021-12-31 11:22:07
110;110;2149;ACTIVO;0;1;2021-12-31 11:22:07
111;111;2158;ACTIVO;0;1;2021-12-31 11:22:07
112;112;2185;ACTIVO;0;1;2021-12-31 11:22:07
113;113;2186;ACTIVO;0;1;2021-12-31 11:22:07
114;114;1642;ACTIVO;0;1;2021-12-31 11:22:07
115;115;1829;ACTIVO;0;1;2021-12-31 11:22:07
116;116;1929;ACTIVO;0;1;2021-12-31 11:22:07
117;117;2278;ACTIVO;0;1;2021-12-31 11:22:07
118;118;2150;ACTIVO;0;1;2021-12-31 11:22:07
119;119;2157;ACTIVO;0;1;2021-12-31 11:22:07
120;120;1993;ACTIVO;0;1;2021-12-31 11:22:07
121;121;2280;ACTIVO;0;1;2021-12-31 11:22:07
122;122;2284;ACTIVO;0;1;2021-12-31 11:22:07
123;123;2285;ACTIVO;0;1;2021-12-31 11:22:07
124;124;1643;ACTIVO;0;1;2021-12-31 11:22:07
125;125;2283;ACTIVO;0;1;2021-12-31 11:22:07
126;126;1988;ACTIVO;0;1;2021-12-31 11:22:07
127;127;1990;ACTIVO;0;1;2021-12-31 11:22:07
128;128;2272;ACTIVO;0;1;2021-12-31 11:22:07
129;129;2279;ACTIVO;0;1;2021-12-31 11:22:07
130;130;2282;ACTIVO;0;1;2021-12-31 11:22:07
131;131;2281;ACTIVO;0;1;2021-12-31 11:22:07
132;132;1830;ACTIVO;0;1;2021-12-31 11:22:07
133;133;1994;ACTIVO;0;1;2021-12-31 11:22:07
134;134;1989;ACTIVO;0;1;2021-12-31 11:22:07
135;135;1931;ACTIVO;0;1;2021-12-31 11:22:07
136;136;1991;ACTIVO;0;1;2021-12-31 11:22:07
137;137;2049;ACTIVO;0;1;2021-12-31 11:22:07
138;138;1932;ACTIVO;0;1;2021-12-31 11:22:07
139;139;1933;ACTIVO;0;1;2021-12-31 11:22:07
140;140;2273;ACTIVO;0;1;2021-12-31 11:22:07
141;141;2575;ACTIVO;0;1;2021-12-31 11:22:07
142;142;2576;ACTIVO;0;1;2021-12-31 11:22:07
143;143;2574;ACTIVO;0;1;2021-12-31 11:22:07
144;144;2230;ACTIVO;0;1;2021-12-31 11:22:07
145;145;2571;ACTIVO;0;1;2021-12-31 11:22:07
146;146;2199;ACTIVO;0;1;2021-12-31 11:22:07
147;147;1934;ACTIVO;0;1;2021-12-31 11:22:07
148;148;2694;ACTIVO;0;1;2021-12-31 11:22:07
149;149;2231;ACTIVO;0;1;2021-12-31 11:22:07
150;150;2652;ACTIVO;0;1;2021-12-31 11:22:07
151;151;2697;ACTIVO;0;1;2021-12-31 11:22:07
152;152;2232;ACTIVO;0;1;2021-12-31 11:22:07
153;153;2808;ACTIVO;0;1;2021-12-31 11:22:07
154;154;2274;ACTIVO;0;1;2021-12-31 11:22:07
155;155;2892;ACTIVO;0;1;2021-12-31 11:22:07
156;156;2891;ACTIVO;0;1;2021-12-31 11:22:07
157;157;2923;INACTIVO;0;1;2021-12-31 11:22:07
158;158;2893;INACTIVO;0;1;2021-12-31 11:22:07
159;159;2975;INACTIVO;0;1;2021-12-31 11:22:07
160;160;2698;ACTIVO;0;1;2021-12-31 11:22:07
161;161;2699;ACTIVO;0;1;2021-12-31 11:22:07
162;162;2237;ACTIVO;0;1;2021-12-31 11:22:07
163;163;3040;ACTIVO;0;1;2021-12-31 11:22:07
164;164;3060;ACTIVO;0;1;2021-12-31 11:22:07
165;165;3091;INACTIVO;0;1;2021-12-31 11:22:07
166;166;3089;ACTIVO;0;1;2021-12-31 11:22:07
167;167;3090;INACTIVO;0;1;2021-12-31 11:22:07
168;168;3061;ACTIVO;0;1;2021-12-31 11:22:07
169;169;3108;ACTIVO;0;1;2021-12-31 11:22:07
170;170;2700;ACTIVO;0;1;2021-12-31 11:22:07
171;171;2701;ACTIVO;0;1;2021-12-31 11:22:07
172;172;3062;ACTIVO;0;1;2021-12-31 11:22:07
173;173;2703;ACTIVO;0;1;2021-12-31 11:22:07
174;174;2233;ACTIVO;0;1;2021-12-31 11:22:07
175;175;2810;ACTIVO;0;1;2021-12-31 11:22:07
176;176;2835;ACTIVO;0;1;2021-12-31 11:22:07
177;177;3109;ACTIVO;0;1;2021-12-31 11:22:07
178;178;2957;ACTIVO;0;1;2021-12-31 11:22:07
179;179;2956;ACTIVO;0;1;2021-12-31 11:22:07
180;180;3110;ACTIVO;0;1;2021-12-31 11:22:07
181;181;2708;ACTIVO;0;1;2021-12-31 11:22:07
182;182;2834;ACTIVO;0;1;2021-12-31 11:22:07
183;183;2705;ACTIVO;0;1;2021-12-31 11:22:07
184;184;2704;ACTIVO;0;1;2021-12-31 11:22:07
185;185;2706;ACTIVO;0;1;2021-12-31 11:22:07
186;186;2707;ACTIVO;0;1;2021-12-31 11:22:07
187;187;3196;INACTIVO;0;1;2021-12-31 11:22:07
188;188;3239;ACTIVO;0;1;2021-12-31 11:22:07
189;189;2702;ACTIVO;0;1;2021-12-31 11:22:07
190;190;3192;ACTIVO;0;1;2021-12-31 11:22:07
191;191;2933;ACTIVO;0;1;2021-12-31 11:22:07
192;192;3111;ACTIVO;0;1;2021-12-31 11:22:07
193;193;2958;ACTIVO;0;1;2021-12-31 11:22:07
194;194;2959;ACTIVO;0;1;2021-12-31 11:22:07
195;195;3282;ACTIVO;0;1;2021-12-31 11:22:07
196;196;3330;ACTIVO;0;1;2021-12-31 11:22:07
197;197;3371;ACTIVO;0;1;2021-12-31 11:22:07
198;198;2960;INACTIVO;0;1;2021-12-31 11:22:07
199;199;3390;ACTIVO;0;1;2021-12-31 11:22:07
200;200;2961;ACTIVO;0;1;2021-12-31 11:22:07
201;201;3333;ACTIVO;0;1;2021-12-31 11:22:07
202;202;3332;ACTIVO;0;1;2021-12-31 11:22:07
203;203;3383;ACTIVO;0;1;2021-12-31 11:22:07
204;204;3447;ACTIVO;0;1;2021-12-31 11:22:07
205;205;3449;ACTIVO;0;1;2021-12-31 11:22:07
206;206;2962;ACTIVO;0;1;2021-12-31 11:22:07
207;207;3424;ACTIVO;0;1;2021-12-31 11:22:07
208;208;3503;ACTIVO;0;1;2021-12-31 11:22:07
209;209;3505;ACTIVO;0;1;2021-12-31 11:22:07
210;210;3385;ACTIVO;0;1;2021-12-31 11:22:07
211;211;3386;ACTIVO;0;1;2021-12-31 11:22:07
212;212;3517;ACTIVO;0;1;2021-12-31 11:22:07
213;213;3651;ACTIVO;0;1;2021-12-31 11:22:07
214;214;3658;ACTIVO;0;1;2021-12-31 11:22:07
215;215;3384;ACTIVO;0;1;2021-12-31 11:22:07
216;216;3648;ACTIVO;0;1;2021-12-31 11:22:07
217;217;3646;ACTIVO;0;1;2021-12-31 11:22:07
218;218;3649;ACTIVO;0;1;2021-12-31 11:22:07
219;219;3613;ACTIVO;0;1;2021-12-31 11:22:07
220;220;3614;ACTIVO;0;1;2021-12-31 11:22:07
221;221;3831;ACTIVO;0;1;2021-12-31 11:22:07
222;222;3387;ACTIVO;0;1;2021-12-31 11:22:07
223;223;3704;ACTIVO;0;1;2021-12-31 11:22:07
224;224;3388;ACTIVO;0;1;2021-12-31 11:22:07
225;225;3615;ACTIVO;0;1;2021-12-31 11:22:07
226;226;3650;ACTIVO;0;1;2021-12-31 11:22:07
227;227;3196;ACTIVO;0;1;2021-12-31 11:22:07
228;228;2960;ACTIVO;0;1;2021-12-31 11:22:07
229;229;3389;ACTIVO;0;1;2021-12-31 11:22:07
230;230;3562;ACTIVO;0;1;2021-12-31 11:22:07
231;231;3616;ACTIVO;0;1;2021-12-31 11:22:07
232;232;3697;INACTIVO;0;1;2021-12-31 11:22:07
233;233;3703;ACTIVO;0;1;2021-12-31 11:22:07
234;234;4004;ACTIVO;0;1;2021-12-31 11:22:07
235;235;3698;ACTIVO;0;1;2021-12-31 11:22:07
236;236;3699;ACTIVO;0;1;2021-12-31 11:22:07
237;237;3803;ACTIVO;0;1;2021-12-31 11:22:07
238;238;4064;ACTIVO;0;1;2021-12-31 11:22:07
239;239;4066;ACTIVO;0;1;2021-12-31 11:22:07
240;240;3697;ACTIVO;0;1;2021-12-31 11:22:07
241;241;3954;ACTIVO;0;1;2021-12-31 11:22:07
242;242;4126;ACTIVO;0;1;2021-12-31 11:22:07
243;243;3846;ACTIVO;0;1;2021-12-31 11:22:07
244;244;4171;ACTIVO;0;1;2021-12-31 11:22:07
245;245;4172;ACTIVO;0;1;2021-12-31 11:22:07
246;246;3956;ACTIVO;0;1;2021-12-31 11:22:07
247;247;3955;ACTIVO;0;1;2021-12-31 11:22:07
248;248;3957;ACTIVO;0;1;2021-12-31 11:22:07
249;249;4183;ACTIVO;0;1;2021-12-31 11:22:07
250;250;4169;ACTIVO;0;1;2021-12-31 11:22:07
251;251;4065;ACTIVO;0;1;2021-12-31 11:22:07
252;252;3700;ACTIVO;0;1;2021-12-31 11:22:07
253;253;3958;ACTIVO;0;1;2021-12-31 11:22:07
254;254;4170;ACTIVO;0;1;2021-12-31 11:22:07
255;255;4184;ACTIVO;0;1;2021-12-31 11:22:07
256;256;4127;ACTIVO;0;1;2021-12-31 11:22:07
257;257;3701;INACTIVO;0;1;2021-12-31 11:22:07
258;258;3701;ACTIVO;0;1;2021-12-31 11:22:07
259;259;4285;ACTIVO;0;1;2021-12-31 11:22:07
260;260;4185;ACTIVO;0;1;2021-12-31 11:22:07
261;261;4186;ACTIVO;0;1;2021-12-31 11:22:07
262;262;3702;ACTIVO;0;1;2021-12-31 11:22:07
263;263;4347;ACTIVO;0;1;2021-12-31 11:22:07
264;264;4228;ACTIVO;0;1;2021-12-31 11:22:07
265;265;4227;ACTIVO;0;1;2021-12-31 11:22:07
266;266;4413;ACTIVO;0;1;2021-12-31 11:22:07
267;267;4229;ACTIVO;0;1;2021-12-31 11:22:07
268;268;4128;ACTIVO;0;1;2021-12-31 11:22:07
269;269;4192;ACTIVO;0;1;2021-12-31 11:22:07
270;270;4569;ACTIVO;0;1;2021-12-31 11:22:07
271;271;4540;ACTIVO;0;1;2021-12-31 11:22:07
272;272;4129;ACTIVO;0;1;2021-12-31 11:22:07
273;273;4541;ACTIVO;0;1;2021-12-31 11:22:07
274;274;4348;ACTIVO;0;1;2021-12-31 11:22:07
275;275;4634;ACTIVO;0;1;2021-12-31 11:22:07
276;276;4543;ACTIVO;0;1;2021-12-31 11:22:07
277;277;4349;ACTIVO;0;1;2021-12-31 11:22:07
278;278;4651;ACTIVO;0;1;2021-12-31 11:22:07
279;279;4508;ACTIVO;0;1;2021-12-31 11:22:07
280;280;4350;ACTIVO;0;1;2021-12-31 11:22:07
281;281;4703;ACTIVO;0;1;2021-12-31 11:22:07
282;282;4571;ACTIVO;0;1;2021-12-31 11:22:07
283;283;2923;ACTIVO;0;1;2021-12-31 11:22:07
284;284;3090;ACTIVO;0;1;2021-12-31 11:22:07
285;285;2975;ACTIVO;0;1;2021-12-31 11:22:07
286;286;2893;ACTIVO;0;1;2021-12-31 11:22:07
287;287;3091;ACTIVO;0;1;2021-12-31 11:22:07
288;288;4351;ACTIVO;0;1;2021-12-31 11:22:07
289;289;4352;ACTIVO;0;1;2021-12-31 11:22:07
290;290;4421;ACTIVO;0;1;2021-12-31 11:22:07
291;291;4784;INACTIVO;0;1;2021-12-31 11:22:07
292;292;4784;ACTIVO;0;1;2021-12-31 11:22:07
293;293;4785;ACTIVO;0;1;2021-12-31 11:22:07
294;294;4929;ACTIVO;0;1;2021-12-31 11:22:07
295;295;4786;ACTIVO;0;1;2021-12-31 11:22:07
296;296;4919;ACTIVO;0;1;2021-12-31 11:22:07
297;297;5003;ACTIVO;0;1;2021-12-31 11:22:07
298;298;4930;ACTIVO;0;1;2021-12-31 11:22:07
299;299;4787;ACTIVO;0;1;2021-12-31 11:22:07
300;300;4788;ACTIVO;0;1;2021-12-31 11:22:07
301;301;5055;ACTIVO;0;1;2021-12-31 11:22:07
302;302;4789;ACTIVO;0;1;2021-12-31 11:22:07
303;303;5099;ACTIVO;0;1;2021-12-31 11:22:07
304;304;5168;ACTIVO;0;1;2021-12-31 11:22:07
305;305;4999;ACTIVO;0;1;2021-12-31 11:22:07
306;306;5222;ACTIVO;0;1;2021-12-31 11:22:07
307;307;5000;ACTIVO;0;1;2021-12-31 11:22:07
308;308;5001;ACTIVO;0;1;2021-12-31 11:22:07
309;309;5002;ACTIVO;0;1;2021-12-31 11:22:07
310;310;5374;ACTIVO;0;1;2021-12-31 11:22:07
311;311;5469;ACTIVO;0;1;2021-12-31 11:22:07
312;312;5363;ACTIVO;0;1;2021-12-31 11:22:07
313;313;5621;ACTIVO;0;1;2021-12-31 11:22:07
314;314;5681;ACTIVO;0;1;2021-12-31 11:22:07
315;315;5726;ACTIVO;0;1;2021-12-31 11:22:07
316;316;5780;ACTIVO;0;1;2021-12-31 11:22:07
317;317;5846;ACTIVO;0;1;2021-12-31 11:22:07
318;318;5968;ACTIVO;0;1;2021-12-31 11:22:07
319;319;6015;ACTIVO;0;1;2021-12-31 11:22:07
320;320;6016;ACTIVO;0;1;2021-12-31 11:22:07
321;321;5735;ACTIVO;0;1;2021-12-31 11:22:07
322;322;5736;ACTIVO;0;1;2021-12-31 11:22:07
323;323;6087;ACTIVO;0;1;2021-12-31 11:22:07
324;324;6176;ACTIVO;0;1;2021-12-31 11:22:07
325;325;6224;ACTIVO;0;1;2021-12-31 11:22:07
326;326;5822;ACTIVO;0;1;2021-12-31 11:22:07
327;327;6247;ACTIVO;0;1;2021-12-31 11:22:07
328;328;6143;ACTIVO;0;1;2021-12-31 11:22:07
329;329;6443;ACTIVO;0;1;2021-12-31 11:22:07
330;330;6415;ACTIVO;0;1;2021-12-31 11:22:07
331;331;6221;INACTIVO;0;1;2021-12-31 11:22:07
332;332;6312;ACTIVO;0;1;2021-12-31 11:22:07
333;333;6367;ACTIVO;0;1;2021-12-31 11:22:07
334;334;6221;ACTIVO;0;1;2021-12-31 11:22:07
335;335;6311;ACTIVO;0;1;2021-12-31 11:22:07
336;336;6368;ACTIVO;0;1;2021-12-31 11:22:07
337;337;5932;ACTIVO;0;1;2021-12-31 11:22:07
338;338;6374;ACTIVO;0;1;2021-12-31 11:22:07
339;339;6369;ACTIVO;0;1;2021-12-31 11:22:07
340;340;6222;ACTIVO;0;1;2021-12-31 11:22:07
341;341;6577;ACTIVO;0;1;2021-12-31 11:22:07
342;342;6223;ACTIVO;0;1;2021-12-31 11:22:07
343;343;6375;ACTIVO;0;1;2021-12-31 11:22:07
344;344;6377;ACTIVO;0;1;2021-12-31 11:22:07
345;345;6671;ACTIVO;0;1;2021-12-31 11:22:07
346;346;6378;ACTIVO;0;1;2021-12-31 11:22:07
347;347;6616;ACTIVO;0;1;2021-12-31 11:22:07
348;348;6729;ACTIVO;0;1;2021-12-31 11:22:07
349;349;6370;ACTIVO;0;1;2021-12-31 11:22:07
350;350;6617;ACTIVO;0;1;2021-12-31 11:22:07
351;351;6767;ACTIVO;0;1;2021-12-31 11:22:07
352;352;6698;ACTIVO;0;1;2021-12-31 11:22:07
353;353;6781;ACTIVO;0;1;2021-12-31 11:22:07
354;354;6699;ACTIVO;0;1;2021-12-31 11:22:07
355;355;6848;ACTIVO;0;1;2021-12-31 11:22:07
356;356;6842;ACTIVO;0;1;2021-12-31 11:22:07
357;357;6849;ACTIVO;0;1;2021-12-31 11:22:07
358;358;7031;ACTIVO;0;1;2021-12-31 11:22:07
359;359;6731;ACTIVO;0;1;2021-12-31 11:22:07
360;360;6730;ACTIVO;0;1;2021-12-31 11:22:07
361;361;6924;ACTIVO;0;1;2021-12-31 11:22:07
362;362;7083;ACTIVO;0;1;2021-12-31 11:22:07
363;363;7099;ACTIVO;0;1;2021-12-31 11:22:07
364;364;7088;ACTIVO;0;1;2021-12-31 11:22:07
365;365;7086;ACTIVO;0;1;2021-12-31 11:22:07
366;366;7084;ACTIVO;0;1;2021-12-31 11:22:07
367;367;7169;ACTIVO;0;1;2021-12-31 11:22:07
368;368;7170;ACTIVO;0;1;2021-12-31 11:22:07
369;369;7089;ACTIVO;0;1;2021-12-31 11:22:07
370;370;7085;ACTIVO;0;1;2021-12-31 11:22:07
371;371;7284;ACTIVO;0;1;2021-12-31 11:22:07
372;372;7279;ACTIVO;0;1;2021-12-31 11:22:07
373;373;7278;ACTIVO;0;1;2021-12-31 11:22:07
374;374;7194;ACTIVO;0;1;2021-12-31 11:22:07
375;375;7280;ACTIVO;0;1;2021-12-31 11:22:07
376;376;6907;ACTIVO;0;1;2021-12-31 11:22:07
377;377;7316;ACTIVO;0;1;2021-12-31 11:22:07
378;378;7281;ACTIVO;0;1;2021-12-31 11:22:07
379;379;7310;ACTIVO;0;1;2021-12-31 11:22:07
380;380;7317;ACTIVO;0;1;2021-12-31 11:22:07
381;381;7195;ACTIVO;0;1;2021-12-31 11:22:07
382;382;7282;ACTIVO;0;1;2021-12-31 11:22:07
383;383;6908;ACTIVO;0;1;2021-12-31 11:22:07
384;384;7197;ACTIVO;0;1;2021-12-31 11:22:07
385;385;7196;ACTIVO;0;1;2021-12-31 11:22:07
386;386;7482;ACTIVO;0;1;2021-12-31 11:22:07
387;387;7290;ACTIVO;0;1;2021-12-31 11:22:07
388;388;7470;ACTIVO;0;1;2021-12-31 11:22:07
389;389;7483;ACTIVO;0;1;2021-12-31 11:22:07
390;390;7198;ACTIVO;0;1;2021-12-31 11:22:07
391;391;7199;ACTIVO;0;1;2021-12-31 11:22:07
392;392;7386;ACTIVO;0;1;2021-12-31 11:22:07
393;393;7484;ACTIVO;0;1;2021-12-31 11:22:07
394;394;7200;ACTIVO;0;1;2021-12-31 11:22:07
395;395;7554;ACTIVO;0;1;2021-12-31 11:22:07
396;396;7327;ACTIVO;0;1;2021-12-31 11:22:07
397;397;7291;ACTIVO;0;1;2021-12-31 11:22:07
398;398;7485;ACTIVO;0;1;2021-12-31 11:22:07
399;399;7613;ACTIVO;0;1;2021-12-31 11:22:07
400;400;7632;ACTIVO;0;1;2021-12-31 11:22:07
401;401;7652;ACTIVO;0;1;2021-12-31 11:22:07
402;402;7555;ACTIVO;0;1;2021-12-31 11:22:07
403;403;7556;ACTIVO;0;1;2021-12-31 11:22:07
404;404;7587;ACTIVO;0;1;2021-12-31 11:22:07
405;405;7653;ACTIVO;0;1;2021-12-31 11:22:07
406;406;7740;ACTIVO;0;1;2021-12-31 11:22:07
407;407;7654;ACTIVO;0;1;2021-12-31 11:22:07
408;408;7655;ACTIVO;0;1;2021-12-31 11:22:07
409;409;7588;ACTIVO;0;1;2021-12-31 11:22:07
410;410;7557;ACTIVO;0;1;2021-12-31 11:22:07
411;411;7388;ACTIVO;0;1;2021-12-31 11:22:07
412;412;7813;ACTIVO;0;1;2021-12-31 11:22:07
413;413;7256;ACTIVO;0;1;2021-12-31 11:22:07
414;414;7776;ACTIVO;0;1;2021-12-31 11:22:07
415;415;7812;ACTIVO;0;1;2021-12-31 11:22:07
416;416;7558;ACTIVO;0;1;2021-12-31 11:22:07
417;417;7863;ACTIVO;0;1;2021-12-31 11:22:07
418;418;7258;ACTIVO;0;1;2021-12-31 11:22:07
419;419;7759;ACTIVO;0;1;2021-12-31 11:22:07
420;420;7656;ACTIVO;0;1;2021-12-31 11:22:07
421;421;7259;ACTIVO;0;1;2021-12-31 11:22:07
422;422;7293;ACTIVO;0;1;2021-12-31 11:22:07
423;423;7933;ACTIVO;0;1;2021-12-31 11:22:07
424;424;7971;ACTIVO;0;1;2021-12-31 11:22:07
425;425;7972;ACTIVO;0;1;2021-12-31 11:22:07
426;426;7712;ACTIVO;0;1;2021-12-31 11:22:07
427;427;7935;ACTIVO;0;1;2021-12-31 11:22:07
428;428;7934;ACTIVO;0;1;2021-12-31 11:22:07
429;429;7912;ACTIVO;0;1;2021-12-31 11:22:07
430;430;7981;ACTIVO;0;1;2021-12-31 11:22:07
431;431;7777;ACTIVO;0;1;2021-12-31 11:22:07
432;432;7975;ACTIVO;0;1;2021-12-31 11:22:07
433;433;7713;ACTIVO;0;1;2021-12-31 11:22:07
434;434;8146;ACTIVO;0;1;2021-12-31 11:22:07
435;435;7982;ACTIVO;0;1;2021-12-31 11:22:07
436;436;8034;ACTIVO;0;1;2021-12-31 11:22:07
437;437;8178;ACTIVO;0;1;2021-12-31 11:22:07
438;438;8177;ACTIVO;0;1;2021-12-31 11:22:07
439;439;8199;ACTIVO;0;1;2021-12-31 11:22:07
440;440;8150;ACTIVO;0;1;2021-12-31 11:22:07
441;441;8147;ACTIVO;0;1;2021-12-31 11:22:07
442;442;7913;ACTIVO;0;1;2021-12-31 11:22:07
443;443;8059;ACTIVO;0;1;2021-12-31 11:22:07
444;444;8217;ACTIVO;0;1;2021-12-31 11:22:07
445;445;8063;ACTIVO;0;1;2021-12-31 11:22:07
446;446;8064;ACTIVO;0;1;2021-12-31 11:22:07
447;447;7858;ACTIVO;0;1;2021-12-31 11:22:07
448;448;8065;ACTIVO;0;1;2021-12-31 11:22:07
449;449;8306;ACTIVO;0;1;2021-12-31 11:22:07
450;450;8189;ACTIVO;0;1;2021-12-31 11:22:07
451;451;7914;ACTIVO;0;1;2021-12-31 11:22:07
452;452;8389;ACTIVO;0;1;2021-12-31 11:22:07
453;453;8451;ACTIVO;0;1;2021-12-31 11:22:07
454;454;8066;ACTIVO;0;1;2021-12-31 11:22:07
455;455;8448;ACTIVO;0;1;2021-12-31 11:22:07
456;456;8307;ACTIVO;0;1;2021-12-31 11:22:07
457;457;8431;ACTIVO;0;1;2021-12-31 11:22:07
458;458;8597;ACTIVO;0;1;2021-12-31 11:22:07
459;459;8308;ACTIVO;0;1;2021-12-31 11:22:07
460;460;8596;ACTIVO;0;1;2021-12-31 11:22:07
461;461;8620;ACTIVO;0;1;2021-12-31 11:22:07
462;462;8614;ACTIVO;0;1;2021-12-31 11:22:07
463;463;8613;ACTIVO;0;1;2021-12-31 11:22:07
464;464;8400;ACTIVO;0;1;2021-12-31 11:22:07
465;465;8481;ACTIVO;0;1;2021-12-31 11:22:07
466;466;8783;ACTIVO;0;1;2021-12-31 11:22:07
467;467;8959;ACTIVO;0;1;2021-12-31 11:22:07
468;468;8482;ACTIVO;0;1;2021-12-31 11:22:07
469;469;8560;ACTIVO;0;1;2021-12-31 11:22:07
470;470;8867;ACTIVO;0;1;2021-12-31 11:22:07
471;471;9014;ACTIVO;0;1;2021-12-31 11:22:07
472;472;8958;ACTIVO;0;1;2021-12-31 11:22:07
473;473;8871;ACTIVO;0;1;2021-12-31 11:22:07
474;474;8870;ACTIVO;0;1;2021-12-31 11:22:07
475;475;8485;ACTIVO;0;1;2021-12-31 11:22:07
476;476;8561;ACTIVO;0;1;2021-12-31 11:22:07
477;477;9015;ACTIVO;0;1;2021-12-31 11:22:07
478;478;9035;ACTIVO;0;1;2021-12-31 11:22:07
479;479;8484;ACTIVO;0;1;2021-12-31 11:22:07
480;480;9016;ACTIVO;0;1;2021-12-31 11:22:07
481;481;8804;ACTIVO;0;1;2021-12-31 11:22:07
482;482;9036;ACTIVO;0;1;2021-12-31 11:22:07
483;483;9169;ACTIVO;0;1;2021-12-31 11:22:07
484;484;9037;ACTIVO;0;1;2021-12-31 11:22:07
485;485;8869;ACTIVO;0;1;2021-12-31 11:22:07
486;486;9038;ACTIVO;0;1;2021-12-31 11:22:07
487;487;9170;ACTIVO;0;1;2021-12-31 11:22:07
488;488;9304;ACTIVO;0;1;2021-12-31 11:22:07
489;489;9171;ACTIVO;0;1;2021-12-31 11:22:07
490;490;9192;ACTIVO;0;1;2021-12-31 11:22:07
491;491;9039;ACTIVO;0;1;2021-12-31 11:22:07
492;492;9190;ACTIVO;0;1;2021-12-31 11:22:07
493;493;9227;ACTIVO;0;1;2021-12-31 11:22:07
494;494;9305;ACTIVO;0;1;2021-12-31 11:22:07
495;495;9172;ACTIVO;0;1;2021-12-31 11:22:07
496;496;9334;ACTIVO;0;1;2021-12-31 11:22:07
497;497;9408;ACTIVO;0;1;2021-12-31 11:22:07
498;498;8747;ACTIVO;0;1;2021-12-31 11:22:07
499;499;9409;ACTIVO;0;1;2021-12-31 11:22:07
500;500;9434;ACTIVO;0;1;2021-12-31 11:22:07
501;501;9528;ACTIVO;0;1;2021-12-31 11:22:07
502;502;9410;ACTIVO;0;1;2021-12-31 11:22:07
503;503;9361;ACTIVO;0;1;2021-12-31 11:22:07
504;504;9436;ACTIVO;0;1;2021-12-31 11:22:07
505;505;9335;ACTIVO;0;1;2021-12-31 11:22:07
506;506;9339;ACTIVO;0;1;2021-12-31 11:22:07
507;507;9285;ACTIVO;0;1;2021-12-31 11:22:07
508;508;9435;ACTIVO;0;1;2021-12-31 11:22:07
509;509;9340;ACTIVO;0;1;2021-12-31 11:22:07
510;510;9338;ACTIVO;0;1;2021-12-31 11:22:07
511;511;8746;ACTIVO;0;1;2021-12-31 11:22:07
512;512;9487;ACTIVO;0;1;2021-12-31 11:22:07
513;513;8748;ACTIVO;0;1;2021-12-31 11:22:07
514;514;9411;ACTIVO;0;1;2021-12-31 11:22:07
515;515;9404;ACTIVO;0;1;2021-12-31 11:22:07
516;516;9341;ACTIVO;0;1;2021-12-31 11:22:07
517;517;9337;ACTIVO;0;1;2021-12-31 11:22:07
518;518;9405;ACTIVO;0;1;2021-12-31 11:22:07
519;519;9390;ACTIVO;0;1;2021-12-31 11:22:07
520;520;8996;ACTIVO;0;1;2021-12-31 11:22:07
521;521;9612;ACTIVO;0;1;2021-12-31 11:22:07
522;522;9706;ACTIVO;0;1;2021-12-31 11:22:07
523;523;9613;ACTIVO;0;1;2021-12-31 11:22:07
524;524;8753;ACTIVO;0;1;2021-12-31 11:22:07
525;525;9632;ACTIVO;0;1;2021-12-31 11:22:07
526;526;9601;ACTIVO;0;1;2021-12-31 11:22:07
527;527;9742;ACTIVO;0;1;2021-12-31 11:22:07
528;528;9406;ACTIVO;0;1;2021-12-31 11:22:07
529;529;9633;ACTIVO;0;1;2021-12-31 11:22:07
530;530;9707;ACTIVO;0;1;2021-12-31 11:22:07
531;531;9708;ACTIVO;0;1;2021-12-31 11:22:07
532;532;9634;ACTIVO;0;1;2021-12-31 11:22:07
533;533;9635;ACTIVO;0;1;2021-12-31 11:22:07
534;534;9890;ACTIVO;0;1;2021-12-31 11:22:07
535;535;9892;ACTIVO;0;1;2021-12-31 11:22:07
536;536;9636;ACTIVO;0;1;2021-12-31 11:22:07
537;537;9853;ACTIVO;0;1;2021-12-31 11:22:07
538;538;9854;ACTIVO;0;1;2021-12-31 11:22:07
539;539;10005;ACTIVO;0;1;2021-12-31 11:22:07
540;540;9951;ACTIVO;0;1;2021-12-31 11:22:07
541;541;9952;ACTIVO;0;1;2021-12-31 11:22:07
542;542;9950;ACTIVO;0;1;2021-12-31 11:22:07
543;543;10080;ACTIVO;0;1;2021-12-31 11:22:07
544;544;10046;ACTIVO;0;1;2021-12-31 11:22:07
545;545;9610;ACTIVO;0;1;2021-12-31 11:22:07
546;546;10081;ACTIVO;0;1;2021-12-31 11:22:07
547;547;10082;ACTIVO;0;1;2021-12-31 11:22:07
548;548;9611;ACTIVO;0;1;2021-12-31 11:22:07
549;549;10087;ACTIVO;0;1;2021-12-31 11:22:07
550;550;10088;ACTIVO;0;1;2021-12-31 11:22:07
551;551;9855;ACTIVO;0;1;2021-12-31 11:22:07
552;552;10083;ACTIVO;0;1;2021-12-31 11:22:07
553;553;10230;ACTIVO;0;1;2021-12-31 11:22:07
554;554;10085;ACTIVO;0;1;2021-12-31 11:22:07
555;555;10086;ACTIVO;0;1;2021-12-31 11:22:07
556;556;10329;INACTIVO;0;1;2021-12-31 11:22:07
557;557;10123;ACTIVO;0;1;2021-12-31 11:22:07
558;558;10138;ACTIVO;0;1;2021-12-31 11:22:07
559;559;10084;ACTIVO;0;1;2021-12-31 11:22:07
560;560;10139;ACTIVO;0;1;2021-12-31 11:22:07
561;561;10338;ACTIVO;0;1;2021-12-31 11:22:07
562;562;10048;ACTIVO;0;1;2021-12-31 11:22:07
563;563;9989;INACTIVO;0;1;2021-12-31 11:22:07
564;564;10245;ACTIVO;0;1;2021-12-31 11:22:07
565;565;8750;ACTIVO;0;1;2021-12-31 11:22:07
566;566;8751;ACTIVO;0;1;2021-12-31 11:22:07
567;567;8752;ACTIVO;0;1;2021-12-31 11:22:07
568;568;8754;ACTIVO;0;1;2021-12-31 11:22:07
569;569;9391;ACTIVO;0;1;2021-12-31 11:22:07
570;570;9392;ACTIVO;0;1;2021-12-31 11:22:07
571;571;9393;ACTIVO;0;1;2021-12-31 11:22:07
572;572;9394;ACTIVO;0;1;2021-12-31 11:22:07
573;573;10098;ACTIVO;0;1;2021-12-31 11:22:07
574;574;10339;ACTIVO;0;1;2021-12-31 11:22:07
575;575;10415;ACTIVO;0;1;2021-12-31 11:22:07
576;576;10460;ACTIVO;0;1;2021-12-31 11:22:07
577;577;10542;ACTIVO;0;1;2021-12-31 11:22:07
578;578;10461;ACTIVO;0;1;2021-12-31 11:22:07
579;579;10337;ACTIVO;0;1;2021-12-31 11:22:07
580;580;10414;ACTIVO;0;1;2021-12-31 11:22:07
581;581;10463;ACTIVO;0;1;2021-12-31 11:22:07
582;582;10246;ACTIVO;0;1;2021-12-31 11:22:07
583;583;10611;ACTIVO;0;1;2021-12-31 11:22:07
584;584;10592;ACTIVO;0;1;2021-12-31 11:22:07
585;585;10464;ACTIVO;0;1;2021-12-31 11:22:07
586;586;10379;ACTIVO;0;1;2021-12-31 11:22:07
587;587;10466;ACTIVO;0;1;2021-12-31 11:22:07
588;588;10380;ACTIVO;0;1;2021-12-31 11:22:07
589;589;10467;ACTIVO;0;1;2021-12-31 11:22:07
590;590;10468;ACTIVO;0;1;2021-12-31 11:22:07
591;591;10471;ACTIVO;0;1;2021-12-31 11:22:07
592;592;10878;ACTIVO;0;1;2021-12-31 11:22:07
593;593;10866;ACTIVO;0;1;2021-12-31 11:22:07
594;594;10479;ACTIVO;0;1;2021-12-31 11:22:07
595;595;10474;ACTIVO;0;1;2021-12-31 11:22:07
596;596;10487;ACTIVO;0;1;2021-12-31 11:22:07
597;597;10877;ACTIVO;0;1;2021-12-31 11:22:07
598;598;10473;ACTIVO;0;1;2021-12-31 11:22:07
599;599;10876;ACTIVO;0;1;2021-12-31 11:22:07
600;600;11017;ACTIVO;0;1;2021-12-31 11:22:07
601;601;11123;ACTIVO;0;1;2021-12-31 11:22:07
602;602;10475;ACTIVO;0;1;2021-12-31 11:22:07
603;603;11022;ACTIVO;0;1;2021-12-31 11:22:07
604;604;11019;ACTIVO;0;1;2021-12-31 11:22:07
605;605;10491;ACTIVO;0;1;2021-12-31 11:22:07
606;606;10476;ACTIVO;0;1;2021-12-31 11:22:07
607;607;10490;ACTIVO;0;1;2021-12-31 11:22:07
608;608;11020;ACTIVO;0;1;2021-12-31 11:22:07
609;609;11018;ACTIVO;0;1;2021-12-31 11:22:07
610;610;10492;ACTIVO;0;1;2021-12-31 11:22:07
611;611;10477;ACTIVO;0;1;2021-12-31 11:22:07
612;612;10493;ACTIVO;0;1;2021-12-31 11:22:07
613;613;11221;ACTIVO;0;1;2021-12-31 11:22:07
614;614;10478;ACTIVO;0;1;2021-12-31 11:22:07
615;615;11229;ACTIVO;0;1;2021-12-31 11:22:07
616;616;11236;ACTIVO;0;1;2021-12-31 11:22:07
617;617;11021;ACTIVO;0;1;2021-12-31 11:22:07
618;618;11230;ACTIVO;0;1;2021-12-31 11:22:07
619;619;11223;ACTIVO;0;1;2021-12-31 11:22:07
620;620;10494;ACTIVO;0;1;2021-12-31 11:22:07
621;621;10472;ACTIVO;0;1;2021-12-31 11:22:07
622;622;11252;ACTIVO;0;1;2021-12-31 11:22:07
623;623;11222;ACTIVO;0;1;2021-12-31 11:22:07
624;624;10480;ACTIVO;0;1;2021-12-31 11:22:07
625;625;11280;ACTIVO;0;1;2021-12-31 11:22:07
626;626;11594;ACTIVO;0;1;2021-12-31 11:22:07
627;627;11668;ACTIVO;0;1;2021-12-31 11:22:07
628;628;10049;ACTIVO;0;1;2021-12-31 11:22:07
629;629;11667;ACTIVO;0;1;2021-12-31 11:22:07
630;630;11761;ACTIVO;0;1;2021-12-31 11:22:07
631;631;11592;ACTIVO;0;1;2021-12-31 11:22:07
632;632;10874;ACTIVO;0;1;2021-12-31 11:22:07
633;633;11949;ACTIVO;0;1;2021-12-31 11:22:07
634;634;12003;ACTIVO;0;1;2021-12-31 11:22:07
635;635;12004;ACTIVO;0;1;2021-12-31 11:22:07
636;636;12441;ACTIVO;0;1;2021-12-31 11:22:07
637;637;12611;ACTIVO;0;1;2021-12-31 11:22:07
638;638;12659;ACTIVO;0;1;2021-12-31 11:22:07
639;639;12661;ACTIVO;0;1;2021-12-31 11:22:07
640;640;12662;ACTIVO;0;1;2021-12-31 11:22:07
641;641;12610;ACTIVO;0;1;2021-12-31 11:22:07
642;642;12748;ACTIVO;0;1;2021-12-31 11:22:07
643;643;13017;ACTIVO;0;1;2021-12-31 11:22:07
644;644;13049;ACTIVO;0;1;2021-12-31 11:22:07
645;645;13077;ACTIVO;0;1;2021-12-31 11:22:07
646;646;13076;ACTIVO;0;1;2021-12-31 11:22:07
647;647;13123;ACTIVO;0;1;2021-12-31 11:22:07
648;648;13135;ACTIVO;0;1;2021-12-31 11:22:07
649;649;13136;ACTIVO;0;1;2021-12-31 11:22:07
650;650;13168;ACTIVO;0;1;2021-12-31 11:22:07
651;651;13191;ACTIVO;0;1;2021-12-31 11:22:07
652;652;13221;ACTIVO;0;1;2021-12-31 11:22:07
653;653;13124;ACTIVO;0;1;2021-12-31 11:22:07
654;654;13282;ACTIVO;0;1;2021-12-31 11:22:07
655;655;13256;ACTIVO;0;1;2021-12-31 11:22:07
656;656;13257;ACTIVO;0;1;2021-12-31 11:22:07
657;657;11804;ACTIVO;0;1;2021-12-31 11:22:07
658;658;13377;ACTIVO;0;1;2021-12-31 11:22:07
659;659;13378;ACTIVO;0;1;2021-12-31 11:22:07
660;660;13020;ACTIVO;0;1;2021-12-31 11:22:07
661;661;12959;ACTIVO;0;1;2021-12-31 11:22:07
662;662;13018;ACTIVO;0;1;2021-12-31 11:22:07
663;663;12960;ACTIVO;0;1;2021-12-31 11:22:07
664;664;13554;ACTIVO;0;1;2021-12-31 11:22:07
665;665;13401;ACTIVO;0;1;2021-12-31 11:22:07
666;666;13022;ACTIVO;0;1;2021-12-31 11:22:07
667;667;13599;ACTIVO;0;1;2021-12-31 11:22:07
668;668;13552;ACTIVO;0;1;2021-12-31 11:22:07
669;669;13259;ACTIVO;0;1;2021-12-31 11:22:07
670;670;13823;ACTIVO;0;1;2021-12-31 11:22:07
671;671;13873;ACTIVO;0;1;2021-12-31 11:22:07
672;672;13872;ACTIVO;0;1;2021-12-31 11:22:07
673;673;13875;ACTIVO;0;1;2021-12-31 11:22:07
674;674;13874;ACTIVO;0;1;2021-12-31 11:22:07
675;675;13871;ACTIVO;0;1;2021-12-31 11:22:07
676;676;13946;ACTIVO;0;1;2021-12-31 11:22:07
677;677;13947;ACTIVO;0;1;2021-12-31 11:22:07
678;678;14012;ACTIVO;0;1;2021-12-31 11:22:07
679;679;13994;ACTIVO;0;1;2021-12-31 11:22:07
680;680;13996;ACTIVO;0;1;2021-12-31 11:22:07
681;681;13995;ACTIVO;0;1;2021-12-31 11:22:07
682;682;14045;ACTIVO;0;1;2021-12-31 11:22:07
683;683;14044;ACTIVO;0;1;2021-12-31 11:22:07
684;684;14077;ACTIVO;0;1;2021-12-31 11:22:07
685;685;14099;ACTIVO;0;1;2021-12-31 11:22:07
686;686;13261;ACTIVO;0;1;2021-12-31 11:22:07
687;687;13260;ACTIVO;0;1;2021-12-31 11:22:07
688;688;13408;ACTIVO;0;1;2021-12-31 11:22:07
689;689;13407;ACTIVO;0;1;2021-12-31 11:22:07
690;690;13402;ACTIVO;0;1;2021-12-31 11:22:07
691;691;13405;ACTIVO;0;1;2021-12-31 11:22:07
692;692;13406;ACTIVO;0;1;2021-12-31 11:22:07
693;693;14101;ACTIVO;0;1;2021-12-31 11:22:07
694;694;14208;ACTIVO;0;1;2021-12-31 11:22:07
695;695;14209;ACTIVO;0;1;2021-12-31 11:22:07
696;696;13404;INACTIVO;0;1;2021-12-31 11:22:07
697;697;13403;ACTIVO;0;1;2021-12-31 11:22:07
698;698;13404;ACTIVO;0;1;2021-12-31 11:22:07
699;699;14105;ACTIVO;0;1;2021-12-31 11:22:07
700;700;13457;ACTIVO;0;1;2021-12-31 11:22:07
701;701;14298;ACTIVO;0;1;2021-12-31 11:22:07
702;702;14299;ACTIVO;0;1;2021-12-31 11:22:07
703;703;14300;ACTIVO;0;1;2021-12-31 11:22:07
704;704;14301;ACTIVO;0;1;2021-12-31 11:22:07
705;705;14302;ACTIVO;0;1;2021-12-31 11:22:07
706;706;11755;ACTIVO;0;1;2021-12-31 11:22:07
707;707;11272;ACTIVO;0;1;2021-12-31 11:22:07
708;708;13462;ACTIVO;0;1;2021-12-31 11:22:07
709;709;11273;ACTIVO;0;1;2021-12-31 11:22:07
710;710;13522;ACTIVO;0;1;2021-12-31 11:22:07
711;711;13466;ACTIVO;0;1;2021-12-31 11:22:07
712;712;13461;ACTIVO;0;1;2021-12-31 11:22:07
713;713;11805;ACTIVO;0;1;2021-12-31 11:22:07
714;714;11882;ACTIVO;0;1;2021-12-31 11:22:07
715;715;14310;ACTIVO;0;1;2021-12-31 11:22:07
716;716;14312;ACTIVO;0;1;2021-12-31 11:22:07
717;717;11807;ACTIVO;0;1;2021-12-31 11:22:07
718;718;13467;ACTIVO;0;1;2021-12-31 11:22:07
719;719;13473;ACTIVO;0;1;2021-12-31 11:22:07
720;720;13463;ACTIVO;0;1;2021-12-31 11:22:07
721;721;13468;ACTIVO;0;1;2021-12-31 11:22:07
722;722;14328;ACTIVO;0;1;2021-12-31 11:22:07
723;723;13469;ACTIVO;0;1;2021-12-31 11:22:07
724;724;11270;ACTIVO;0;1;2021-12-31 11:22:07
725;725;13470;ACTIVO;0;1;2021-12-31 11:22:07
726;726;12929;ACTIVO;0;1;2021-12-31 11:22:07
727;727;14338;ACTIVO;0;1;2021-12-31 11:22:07
728;728;13474;ACTIVO;0;1;2021-12-31 11:22:07
729;729;13464;ACTIVO;0;1;2021-12-31 11:22:07
730;730;14340;ACTIVO;0;1;2021-12-31 11:22:07
731;731;11271;ACTIVO;0;1;2021-12-31 11:22:07
732;732;14384;ACTIVO;0;1;2021-12-31 11:22:07
733;733;14379;ACTIVO;0;1;2021-12-31 11:22:07
734;734;14380;ACTIVO;0;1;2021-12-31 11:22:07
735;735;13471;ACTIVO;0;1;2021-12-31 11:22:07
736;736;14394;ACTIVO;0;1;2021-12-31 11:22:07
737;737;14438;ACTIVO;0;1;2021-12-31 11:22:07
738;738;11806;ACTIVO;0;1;2021-12-31 11:22:07
739;739;14529;ACTIVO;0;1;2021-12-31 11:22:07
740;740;14527;ACTIVO;0;1;2021-12-31 11:22:07
741;741;14528;ACTIVO;0;1;2021-12-31 11:22:07
742;742;14385;ACTIVO;0;1;2021-12-31 11:22:07
743;743;14439;ACTIVO;0;1;2021-12-31 11:22:07
744;744;14588;ACTIVO;0;1;2021-12-31 11:22:07
745;745;14364;ACTIVO;0;1;2021-12-31 11:22:07
746;746;14605;ACTIVO;0;1;2021-12-31 11:22:07
747;747;14600;ACTIVO;0;1;2021-12-31 11:22:07
748;748;14599;ACTIVO;0;1;2021-12-31 11:22:07
749;749;14602;ACTIVO;0;1;2021-12-31 11:22:07
750;750;14601;ACTIVO;0;1;2021-12-31 11:22:07
751;751;14603;ACTIVO;0;1;2021-12-31 11:22:07
752;752;14604;ACTIVO;0;1;2021-12-31 11:22:07
753;753;14365;ACTIVO;0;1;2021-12-31 11:22:07
754;754;11808;ACTIVO;0;1;2021-12-31 11:22:07
755;755;14386;ACTIVO;0;1;2021-12-31 11:22:07
756;756;13458;ACTIVO;0;1;2021-12-31 11:22:07
757;757;14366;ACTIVO;0;1;2021-12-31 11:22:07
758;758;13456;ACTIVO;0;1;2021-12-31 11:22:07
759;759;14667;ACTIVO;0;1;2021-12-31 11:22:07
760;760;14756;ACTIVO;0;1;2021-12-31 11:22:07
761;761;13459;ACTIVO;0;1;2021-12-31 11:22:07
762;762;14367;ACTIVO;0;1;2021-12-31 11:22:07
763;763;14814;ACTIVO;0;1;2021-12-31 11:22:07
764;764;14816;ACTIVO;0;1;2021-12-31 11:22:07
765;765;14817;ACTIVO;0;1;2021-12-31 11:22:07
766;766;14856;ACTIVO;0;1;2021-12-31 11:22:07
767;767;14853;ACTIVO;0;1;2021-12-31 11:22:07
768;768;14857;ACTIVO;0;1;2021-12-31 11:22:07
769;769;14854;ACTIVO;0;1;2021-12-31 11:22:07
770;770;14855;ACTIVO;0;1;2021-12-31 11:22:07
771;771;14858;ACTIVO;0;1;2021-12-31 11:22:07
772;772;14852;ACTIVO;0;1;2021-12-31 11:22:07
773;773;14859;ACTIVO;0;1;2021-12-31 11:22:07
774;774;14864;ACTIVO;0;1;2021-12-31 11:22:07
775;775;14368;ACTIVO;0;1;2021-12-31 11:22:07
776;776;13460;ACTIVO;0;1;2021-12-31 11:22:07
777;777;14863;ACTIVO;0;1;2021-12-31 11:22:07
778;778;14897;ACTIVO;0;1;2021-12-31 11:22:07
779;779;14901;ACTIVO;0;1;2021-12-31 11:22:07
780;780;14369;ACTIVO;0;1;2021-12-31 11:22:07
781;781;14964;ACTIVO;0;1;2021-12-31 11:22:07
782;782;14370;ACTIVO;0;1;2021-12-31 11:22:07
783;783;14965;ACTIVO;0;1;2021-12-31 11:22:07
784;784;14955;ACTIVO;0;1;2021-12-31 11:22:07
785;785;14891;ACTIVO;0;1;2021-12-31 11:22:07
786;786;14943;ACTIVO;0;1;2021-12-31 11:22:07
787;787;14991;ACTIVO;0;1;2021-12-31 11:22:07
788;788;14992;ACTIVO;0;1;2021-12-31 11:22:07
789;789;14912;ACTIVO;0;1;2021-12-31 11:22:07
790;790;14993;ACTIVO;0;1;2021-12-31 11:22:07
791;791;15000;ACTIVO;0;1;2021-12-31 11:22:07
792;792;14999;ACTIVO;0;1;2021-12-31 11:22:07
793;793;14998;ACTIVO;0;1;2021-12-31 11:22:07
794;794;14371;ACTIVO;0;1;2021-12-31 11:22:07
795;795;14944;ACTIVO;0;1;2021-12-31 11:22:07
796;796;15041;ACTIVO;0;1;2021-12-31 11:22:07
797;797;15043;ACTIVO;0;1;2021-12-31 11:22:07
798;798;15044;ACTIVO;0;1;2021-12-31 11:22:07
799;799;15069;ACTIVO;0;1;2021-12-31 11:22:07
800;800;15068;ACTIVO;0;1;2021-12-31 11:22:07
801;801;14945;ACTIVO;0;1;2021-12-31 11:22:07
802;802;15186;ACTIVO;0;1;2021-12-31 11:22:07
803;803;15187;ACTIVO;0;1;2021-12-31 11:22:07
804;804;15183;ACTIVO;0;1;2021-12-31 11:22:07
805;805;15184;ACTIVO;0;1;2021-12-31 11:22:07
806;806;15185;ACTIVO;0;1;2021-12-31 11:22:07
807;807;15188;ACTIVO;0;1;2021-12-31 11:22:07
808;808;15189;ACTIVO;0;1;2021-12-31 11:22:07
809;809;15279;ACTIVO;0;1;2021-12-31 11:22:07
810;810;15331;ACTIVO;0;1;2021-12-31 11:22:07
811;811;15338;ACTIVO;0;1;2021-12-31 11:22:07
812;812;15334;ACTIVO;0;1;2021-12-31 11:22:07
813;813;15332;ACTIVO;0;1;2021-12-31 11:22:07
814;814;15325;ACTIVO;0;1;2021-12-31 11:22:07
815;815;15327;ACTIVO;0;1;2021-12-31 11:22:07
816;816;15328;ACTIVO;0;1;2021-12-31 11:22:07
817;817;15329;ACTIVO;0;1;2021-12-31 11:22:07
818;818;15360;ACTIVO;0;1;2021-12-31 11:22:07
819;819;15361;ACTIVO;0;1;2021-12-31 11:22:07
820;820;15359;ACTIVO;0;1;2021-12-31 11:22:07
821;821;15363;ACTIVO;0;1;2021-12-31 11:22:07
822;822;14946;ACTIVO;0;1;2021-12-31 11:22:07
823;823;15335;ACTIVO;0;1;2021-12-31 11:22:07
824;824;15416;ACTIVO;0;1;2021-12-31 11:22:07
825;825;15461;ACTIVO;0;1;2021-12-31 11:22:07
826;826;15482;ACTIVO;0;1;2021-12-31 11:22:07
827;827;15517;ACTIVO;0;1;2021-12-31 11:22:07
828;828;15528;ACTIVO;0;1;2021-12-31 11:22:07
829;829;15557;ACTIVO;0;1;2021-12-31 11:22:07
830;830;15556;ACTIVO;0;1;2021-12-31 11:22:07
831;831;15558;ACTIVO;0;1;2021-12-31 11:22:07
832;832;15595;ACTIVO;0;1;2021-12-31 11:22:07
833;833;15626;ACTIVO;0;1;2021-12-31 11:22:07
834;834;15627;ACTIVO;0;1;2021-12-31 11:22:07
835;835;15628;ACTIVO;0;1;2021-12-31 11:22:07
836;836;15600;ACTIVO;0;1;2021-12-31 11:22:07
837;837;15527;ACTIVO;0;1;2021-12-31 11:22:07
838;838;15712;ACTIVO;0;1;2021-12-31 11:22:07
839;839;15739;ACTIVO;0;1;2021-12-31 11:22:07
840;840;15742;ACTIVO;0;1;2021-12-31 11:22:07
841;841;15740;ACTIVO;0;1;2021-12-31 11:22:07
842;842;15741;ACTIVO;0;1;2021-12-31 11:22:07
843;843;15767;ACTIVO;0;1;2021-12-31 11:22:07
844;844;15802;ACTIVO;0;1;2021-12-31 11:22:07
845;845;15800;ACTIVO;0;1;2021-12-31 11:22:07
846;846;15801;ACTIVO;0;1;2021-12-31 11:22:07
847;847;15601;ACTIVO;0;1;2021-12-31 11:22:07
848;848;15804;ACTIVO;0;1;2021-12-31 11:22:07
849;849;15629;ACTIVO;0;1;2021-12-31 11:22:07
850;850;15837;ACTIVO;0;1;2021-12-31 11:22:07
851;851;15602;ACTIVO;0;1;2021-12-31 11:22:07
852;852;15873;ACTIVO;0;1;2021-12-31 11:22:07
853;853;15780;ACTIVO;0;1;2021-12-31 11:22:07
854;854;15896;ACTIVO;0;1;2021-12-31 11:22:07
855;855;15894;ACTIVO;0;1;2021-12-31 11:22:07
856;856;15897;ACTIVO;0;1;2021-12-31 11:22:07
857;857;15895;ACTIVO;0;1;2021-12-31 11:22:07
858;858;15923;ACTIVO;0;1;2021-12-31 11:22:07
859;859;15935;ACTIVO;0;1;2021-12-31 11:22:07
860;860;15936;ACTIVO;0;1;2021-12-31 11:22:07
861;861;15937;ACTIVO;0;1;2021-12-31 11:22:07
862;862;15781;ACTIVO;0;1;2021-12-31 11:22:07
863;863;15630;ACTIVO;0;1;2021-12-31 11:22:07
864;864;15782;ACTIVO;0;1;2021-12-31 11:22:07
865;865;15986;ACTIVO;0;1;2021-12-31 11:22:07
866;866;15987;ACTIVO;0;1;2021-12-31 11:22:07
867;867;15603;ACTIVO;0;1;2021-12-31 11:22:07
868;868;16029;ACTIVO;0;1;2021-12-31 11:22:07
869;869;16027;ACTIVO;0;1;2021-12-31 11:22:07
870;870;16028;INACTIVO;0;1;2021-12-31 11:22:07
871;871;16041;ACTIVO;0;1;2021-12-31 11:22:07
872;872;16033;ACTIVO;0;1;2021-12-31 11:22:07
873;873;16042;ACTIVO;0;1;2021-12-31 11:22:07
874;874;16066;ACTIVO;0;1;2021-12-31 11:22:07
875;875;16067;ACTIVO;0;1;2021-12-31 11:22:07
876;876;16068;ACTIVO;0;1;2021-12-31 11:22:07
877;877;16116;ACTIVO;0;1;2021-12-31 11:22:07
878;878;16094;ACTIVO;0;1;2021-12-31 11:22:07
879;879;16096;ACTIVO;0;1;2021-12-31 11:22:07
880;880;16097;ACTIVO;0;1;2021-12-31 11:22:07
881;881;16099;ACTIVO;0;1;2021-12-31 11:22:07
882;882;15631;ACTIVO;0;1;2021-12-31 11:22:07
883;883;15783;ACTIVO;0;1;2021-12-31 11:22:07
884;884;16095;ACTIVO;0;1;2021-12-31 11:22:07
885;885;16159;INACTIVO;0;1;2021-12-31 11:22:07
886;886;16177;ACTIVO;0;1;2021-12-31 11:22:07
887;887;16178;ACTIVO;0;1;2021-12-31 11:22:07
888;888;16176;ACTIVO;0;1;2021-12-31 11:22:07
889;889;16179;ACTIVO;0;1;2021-12-31 11:22:07
890;890;15632;ACTIVO;0;1;2021-12-31 11:22:07
891;891;16249;ACTIVO;0;1;2021-12-31 11:22:07
892;892;15817;ACTIVO;0;1;2021-12-31 11:22:07
893;893;16098;ACTIVO;0;1;2021-12-31 11:22:07
894;894;16271;ACTIVO;0;1;2021-12-31 11:22:07
895;895;16270;ACTIVO;0;1;2021-12-31 11:22:07
896;896;16269;ACTIVO;0;1;2021-12-31 11:22:07
897;897;16268;ACTIVO;0;1;2021-12-31 11:22:07
898;898;16216;ACTIVO;0;1;2021-12-31 11:22:07
899;899;16215;ACTIVO;0;1;2021-12-31 11:22:07
900;900;16321;ACTIVO;0;1;2021-12-31 11:22:07
901;901;16322;ACTIVO;0;1;2021-12-31 11:22:07
902;902;16388;ACTIVO;0;1;2021-12-31 11:22:07
903;903;16407;ACTIVO;0;1;2021-12-31 11:22:07
904;904;16405;ACTIVO;0;1;2021-12-31 11:22:07
905;905;16406;ACTIVO;0;1;2021-12-31 11:22:07
906;906;15633;ACTIVO;0;1;2021-12-31 11:22:07
907;907;16439;ACTIVO;0;1;2021-12-31 11:22:07
908;908;16437;ACTIVO;0;1;2021-12-31 11:22:07
909;909;16438;ACTIVO;0;1;2021-12-31 11:22:07
910;910;16445;ACTIVO;0;1;2021-12-31 11:22:07
911;911;16498;ACTIVO;0;1;2021-12-31 11:22:07
912;912;16503;ACTIVO;0;1;2021-12-31 11:22:07
913;913;16534;ACTIVO;0;1;2021-12-31 11:22:07
914;914;16535;ACTIVO;0;1;2021-12-31 11:22:07
915;915;16547;ACTIVO;0;1;2021-12-31 11:22:07
916;916;16548;ACTIVO;0;1;2021-12-31 11:22:07
917;917;16549;ACTIVO;0;1;2021-12-31 11:22:07
918;918;16554;ACTIVO;0;1;2021-12-31 11:22:07
919;919;16522;ACTIVO;0;1;2021-12-31 11:22:07
920;920;16536;ACTIVO;0;1;2021-12-31 11:22:07
921;921;16713;ACTIVO;0;1;2021-12-31 11:22:07
922;922;16523;ACTIVO;0;1;2021-12-31 11:22:07
923;923;16747;ACTIVO;0;1;2021-12-31 11:22:07
924;924;16811;ACTIVO;0;1;2021-12-31 11:22:07
925;925;16810;ACTIVO;0;1;2021-12-31 11:22:07
926;926;16812;ACTIVO;0;1;2021-12-31 11:22:07
927;927;16874;ACTIVO;0;1;2021-12-31 11:22:07
928;928;17005;ACTIVO;0;1;2021-12-31 11:22:07
929;929;17070;ACTIVO;0;1;2021-12-31 11:22:07
930;930;17035;ACTIVO;0;1;2021-12-31 11:22:07
931;931;16991;ACTIVO;0;1;2021-12-31 11:22:07
932;932;17071;ACTIVO;0;1;2021-12-31 11:22:07
933;933;17072;ACTIVO;0;1;2021-12-31 11:22:07
934;934;17034;ACTIVO;0;1;2021-12-31 11:22:07
935;935;17033;ACTIVO;0;1;2021-12-31 11:22:07
936;936;16988;ACTIVO;0;1;2021-12-31 11:22:07
937;937;16987;ACTIVO;0;1;2021-12-31 11:22:07
938;938;17075;ACTIVO;0;1;2021-12-31 11:22:07
939;939;17121;ACTIVO;0;1;2021-12-31 11:22:07
940;940;17122;ACTIVO;0;1;2021-12-31 11:22:07
941;941;17124;ACTIVO;0;1;2021-12-31 11:22:07
942;942;17125;ACTIVO;0;1;2021-12-31 11:22:07
943;943;17123;ACTIVO;0;1;2021-12-31 11:22:07
944;944;17119;ACTIVO;0;1;2021-12-31 11:22:07
945;945;17118;ACTIVO;0;1;2021-12-31 11:22:07
946;946;17117;ACTIVO;0;1;2021-12-31 11:22:07
947;947;16849;ACTIVO;0;1;2021-12-31 11:22:07
948;948;17270;INACTIVO;0;1;2021-12-31 11:22:07
949;949;17282;ACTIVO;0;1;2021-12-31 11:22:07
950;950;17266;INACTIVO;0;1;2021-12-31 11:22:07
951;951;17268;INACTIVO;0;1;2021-12-31 11:22:07
952;952;17269;INACTIVO;0;1;2021-12-31 11:22:07
953;953;17265;ACTIVO;0;1;2021-12-31 11:22:07
954;954;17269;ACTIVO;0;1;2021-12-31 11:22:07
955;955;17268;ACTIVO;0;1;2021-12-31 11:22:07
956;956;17266;ACTIVO;0;1;2021-12-31 11:22:07
957;957;17293;ACTIVO;0;1;2021-12-31 11:22:07
958;958;17294;ACTIVO;0;1;2021-12-31 11:22:07
959;959;17295;ACTIVO;0;1;2021-12-31 11:22:07
960;960;17329;ACTIVO;0;1;2021-12-31 11:22:07
961;961;17330;ACTIVO;0;1;2021-12-31 11:22:07
962;962;17331;ACTIVO;0;1;2021-12-31 11:22:07
963;963;17272;ACTIVO;0;1;2021-12-31 11:22:07
964;964;17384;ACTIVO;0;1;2021-12-31 11:22:07
965;965;17385;ACTIVO;0;1;2021-12-31 11:22:07
966;966;17386;ACTIVO;0;1;2021-12-31 11:22:07
967;967;17408;ACTIVO;0;1;2021-12-31 11:22:07
968;968;17409;ACTIVO;0;1;2021-12-31 11:22:07
969;969;17407;ACTIVO;0;1;2021-12-31 11:22:07
970;970;17396;ACTIVO;0;1;2021-12-31 11:22:07
971;971;17394;ACTIVO;0;1;2021-12-31 11:22:07
972;972;17135;ACTIVO;0;1;2021-12-31 11:22:07
973;973;17460;ACTIVO;0;1;2021-12-31 11:22:07
974;974;17388;ACTIVO;0;1;2021-12-31 11:22:07
975;975;17387;ACTIVO;0;1;2021-12-31 11:22:07
976;976;17271;ACTIVO;0;1;2021-12-31 11:22:07
977;977;17038;ACTIVO;0;1;2021-12-31 11:22:07
978;978;17180;ACTIVO;0;1;2021-12-31 11:22:07
979;979;17120;ACTIVO;0;1;2021-12-31 11:22:07
980;980;17211;ACTIVO;0;1;2021-12-31 11:22:07
981;981;17215;ACTIVO;0;1;2021-12-31 11:22:07
982;982;17191;ACTIVO;0;1;2021-12-31 11:22:07
983;983;17564;ACTIVO;0;1;2021-12-31 11:22:07
984;984;17598;ACTIVO;0;1;2021-12-31 11:22:07
985;985;17599;ACTIVO;0;1;2021-12-31 11:22:07
986;986;17600;ACTIVO;0;1;2021-12-31 11:22:07
987;987;17595;ACTIVO;0;1;2021-12-31 11:22:07
988;988;17594;ACTIVO;0;1;2021-12-31 11:22:07
989;989;17389;ACTIVO;0;1;2021-12-31 11:22:07
990;990;17390;ACTIVO;0;1;2021-12-31 11:22:07
991;991;17691;ACTIVO;0;1;2021-12-31 11:22:07
992;992;17690;ACTIVO;0;1;2021-12-31 11:22:07
993;993;17391;ACTIVO;0;1;2021-12-31 11:22:07
994;994;17498;ACTIVO;0;1;2021-12-31 11:22:07
995;995;17395;ACTIVO;0;1;2021-12-31 11:22:07
996;996;17392;ACTIVO;0;1;2021-12-31 11:22:07
